,A,B,C,D
2000-01-01,-0.12485986566125465,0.4908936838441928,0.8744609099570113,-0.18348283724774628
2000-01-02,0.04315540286926928,-0.39450792849693256,2.9904762774517497,-0.1443381273812663
2000-01-03,0.21008170309868834,-0.534212619321869,1.050291272078386,-1.4434551130696054
2000-01-04,-0.6244694384958563,1.0055828023085251,0.9050640219532007,-2.2597114858354943
2000-01-05,0.9342137157972278,2.002909992918926,3.8119699857047804,-1.832279743025258
2000-01-06,-0.9261737804156204,1.8323693157337555,3.2665635145104694,-1.8201012355290729
2000-01-07,-0.95345445332121,1.8594739299118213,5.143367218755533,-4.3067248534345275
2000-01-08,-0.38018924042893487,1.7895732860312554,5.3103469000922185,-4.50023390904528
2000-01-09,-0.7867342447456983,3.5955860632529393,6.648673780573139,-4.8889779532390865
2000-01-10,-2.058559406210005,2.4416913474699333,6.568106925406824,-4.70313552818345
2000-01-11,-2.6082455538833513,1.7064655315413466,6.948910557743971,-5.132132520215449
2000-01-12,-2.787950142832582,1.8204307413757626,8.607210432059894,-4.46257605272182
2000-01-13,-1.7282315212831545,3.1322311714130526,10.135179624944735,-4.226611036112649
2000-01-14,-1.9551658227107374,2.803579906558392,9.499758246961289,-4.947478548511466
2000-01-15,-0.4151549439343305,4.395339952937572,11.443606701427681,-5.3214572231953605
2000-01-16,-0.41087978794719393,4.360384782124762,12.847146092719257,-5.1717337328801545
2000-01-17,-0.3415274714744318,6.243264415525094,13.193855840386401,-5.535058755364224
2000-01-18,-0.19633210637820842,7.099798174540783,11.964611517260844,-5.5032754060218565
2000-01-19,0.7194963690991737,9.181418926185206,10.386967787396145,-5.846000635061723
2000-01-20,-0.20273624847031768,8.515949739297785,10.470211625436969,-5.959953806201253
2000-01-21,1.0840569732640912,8.719849359868489,11.306986790467814,-6.723209859595043
2000-01-22,2.6369590709940978,9.190275725914518,11.076689929843837,-7.932664502344386
2000-01-23,1.9452982620469952,7.9990142636322155,9.748966372763737,-8.415310434132705
2000-01-24,1.5210005605399401,7.355809613533318,9.916350720363486,-9.288334308279838
2000-01-25,2.8829004183427442,7.876469087846965,9.176600770603672,-9.832983325684593
2000-01-26,3.2858193944832323,9.994629787768364,8.479445817182771,-10.863131982567081
2000-01-27,3.8432418122682406,8.28350104814904,10.751189458832444,-11.410311030119825
2000-01-28,1.5434573939434615,8.526453020341016,11.272310068217722,-12.02397123067717
2000-01-29,1.5215594176308531,6.901544726475566,12.238177825050958,-12.952168633417806
2000-01-30,-0.831669877966078,7.0660114489265275,11.29060573355709,-14.395608150358566
2000-01-31,-0.46939737672661996,7.047561747411204,9.767872294738785,-14.48657001554159
2000-02-01,-1.7918512795897132,5.3776735629490595,9.963221421089163,-16.381106569969766
2000-02-02,-2.043446389864009,4.177909651231037,9.9276664323265,-16.686173293002554
2000-02-03,-2.304396870508843,5.513398041016611,10.579358059406239,-17.433643256432653
2000-02-04,-4.030892719889554,3.2800220622673404,11.68474979881725,-16.95649052071022
2000-02-05,-2.9004657934750444,2.7777844319785294,11.04770538723158,-16.85392859683742
2000-02-06,-3.434205158121534,1.9984451746376566,10.38175422735493,-17.038865097082734
2000-02-07,-3.297056825796501,2.915929858257811,9.254245882165343,-17.699927465349855
2000-02-08,-1.8497984663935376,2.802857814080615,8.407545193234764,-19.791045334437673
2000-02-09,-1.1749838353295539,2.944868830581883,7.6790332952541345,-20.347118616074315
2000-02-10,-0.31596930296212855,3.393599555310548,7.255308077573304,-19.244039998779723
2000-02-11,-0.43270520188557726,4.130373615082526,7.13950640539959,-18.878108579507092
2000-02-12,-1.991204652723649,2.7860592942521976,7.545935451855763,-20.937024317137514
2000-02-13,-1.2946003474937005,1.8956909349026199,8.028621045702007,-20.751671367251596
2000-02-14,-2.5165311612072867,1.833879987988295,7.948795712620985,-21.8617313031514
2000-02-15,-3.7087855112089203,3.063569599002843,6.529265115866559,-21.586185077304517
2000-02-16,-4.40496519845572,2.7084292057968495,5.860721987646049,-21.689676575043233
2000-02-17,-3.6128018090353406,3.4076567122791523,6.169925991640861,-22.480685764282846
2000-02-18,-3.9021490210132295,1.9678240869246955,6.217283831203147,-21.625320493806285
2000-02-19,-1.6667253187345303,0.712948452013866,5.914244892719117,-20.957306917495927
2000-02-20,-0.9553554924264527,-1.3310247146277814,6.644826120617042,-20.41360129852052
2000-02-21,-0.6987040123390293,-1.685564657088928,5.120206532965666,-20.934193941136705
2000-02-22,-0.4941744641856576,-1.6820017009546284,4.090284686782558,-21.98342991508418
2000-02-23,-0.8838049852247019,-2.871085243078638,3.217285499284799,-20.854522220638113
2000-02-24,-0.5460840385599379,-0.41034252244327574,3.0482525545881045,-19.979418699286445
2000-02-25,0.8014795216192205,-0.2898240798374099,3.727490100512141,-18.91213794533477
2000-02-26,4.684807165906912,0.15303762807082572,2.9252819378287684,-19.438921805539625
2000-02-27,3.630894890930815,-0.4095329010033592,3.47315621872619,-17.7940787124447
2000-02-28,4.207693316496645,0.25384458336032106,2.4799263456721166,-18.44210383625202
2000-02-29,4.712622942380835,0.1729686234473397,2.8009426156411825,-19.024470132479436
2000-03-01,4.029965693192877,1.1363545496427567,2.5425864827520064,-19.902604321747948
2000-03-02,3.5331790389332896,-1.183040167012834,1.1548320722125536,-17.157760307521535
2000-03-03,3.49734724313812,-0.8956406646827406,0.19044175450484324,-16.68439526126187
2000-03-04,4.686708387498833,-0.6420328369792934,0.45084017347571015,-17.473382116843705
2000-03-05,4.89590868714207,0.9477013309163362,1.1067350980014385,-17.481178984161826
2000-03-06,4.076332972465632,0.6456119943329937,2.15652952820288,-17.489036507450386
2000-03-07,4.659585390849136,-0.37309049271433303,2.0917076437664903,-17.400915895920285
2000-03-08,4.920307031680387,-1.5322865328117976,3.15848499214529,-18.344569713971637
2000-03-09,5.217484870120346,-1.9986070933178026,4.154156968930094,-17.65470391704854
2000-03-10,4.990560157953703,-2.9020076496384544,2.761125139540505,-17.401614687262832
2000-03-11,5.864088663326492,-3.4572832566621625,3.221852764954999,-17.804130129660784
2000-03-12,5.0294413557449715,-2.7870841162332742,2.3343498934614577,-18.04228231107975
2000-03-13,6.110383910622012,-1.2763449418189414,2.681258489262862,-17.914629199203883
2000-03-14,6.547791408926711,-1.8988410234165871,0.533427514572637,-15.569189438538128
2000-03-15,6.5270186354002595,-1.436972929723841,1.949521985223285,-16.77354394999285
2000-03-16,7.368140130119236,-0.8282144277332392,4.021302682449521,-18.636367661560833
2000-03-17,7.639584324414223,-1.4578163378468072,4.1407425759569625,-19.658451623257534
2000-03-18,7.569618516020226,-1.998230396142131,3.61262777460693,-20.174258054649968
2000-03-19,7.813067986983033,-3.471761589877416,1.7422519348005139,-21.356862091296538
2000-03-20,8.97317804715286,-3.3524001711024884,0.2897144624580774,-21.936453104198343
2000-03-21,8.680847625263066,-3.207097067698791,0.21502092449381704,-23.156258413887393
2000-03-22,8.344303378935333,-4.315067391445374,0.7463027344899281,-22.608782690720872
2000-03-23,7.980384636878565,-5.013267185864552,-0.1739998260604324,-21.946142289810457
2000-03-24,7.021310161462339,-5.654564203979343,0.6124665726878381,-22.45131451895155
2000-03-25,6.033394733295268,-5.746292364671312,1.1518626366490428,-22.227770728103234
2000-03-26,6.0395534638305,-7.126100602826859,0.5383994207735636,-21.64236383239584
2000-03-27,6.901395324003791,-6.872526044655713,-0.9323683052924798,-22.080715824477767
2000-03-28,6.746388092292647,-6.658058310268931,-1.0830122459019986,-22.91023589765944
2000-03-29,8.049713040188507,-4.7464756796417324,-0.5077746418721648,-23.679454022621726
2000-03-30,8.301474887077612,-4.669312861043862,-0.35797416497171786,-22.613530367236148
2000-03-31,8.686259434852829,-4.785975556124967,-0.13680543698410708,-23.534242182540023
2000-04-01,7.0477816702776055,-4.874155576139794,0.7528754060772264,-23.14972261961974
2000-04-02,7.804990303487007,-4.88432327422313,-0.018093428380929755,-22.703222071565865
2000-04-03,7.736459339923572,-4.7142365596894,0.36992016913827225,-24.010727474571123
2000-04-04,7.574014868534623,-3.917937519355354,0.6956801221784313,-23.877739984085153
2000-04-05,6.8064801641314885,-4.388588687579341,2.0885187424945713,-22.53106078914326
2000-04-06,6.157137721736142,-5.2517855503351,1.2267329774006095,-20.539932365714602
2000-04-07,5.328887433077249,-4.25014434841143,1.3449014820812037,-20.665614155409436
2000-04-08,7.350064498652609,-5.112775805282299,1.9793561848236552,-22.032775292596142
2000-04-09,6.901114158308997,-6.5863334975468675,2.427351291182163,-23.038577058728222
2000-04-10,6.3201509590598635,-6.488198810206232,4.134124805250497,-22.085334632178238
2000-04-11,6.045655184025634,-5.566289193403863,3.534420362908792,-21.00952790767281
2000-04-12,5.390278672407756,-4.926927489362011,3.834287191052698,-22.886321710059217
2000-04-13,4.98728564477749,-4.052731300797414,3.9656522968806263,-23.650113325908077
2000-04-14,6.448734465083381,-6.188801418659393,3.334050949808102,-23.27706315272895
2000-04-15,6.939203235903481,-5.018082365987944,2.969419232972009,-23.70163019008384
2000-04-16,4.844755120059973,-3.5520804753031703,2.6222451028599245,-23.890265419123786
2000-04-17,5.421445368723681,-5.179167816238429,1.5173867624417667,-23.3259437298064
2000-04-18,5.132758514457101,-5.497133875158051,1.1538979660627167,-22.929584563097446
2000-04-19,1.999552154150793,-4.711982776752634,-0.06307870557929451,-20.48303251930657
2000-04-20,3.0084284010244433,-5.182602697546027,-1.5283278992415743,-20.590799545747664
2000-04-21,2.6295166893269672,-5.217399883926709,-0.33061346112498957,-21.118537204699244
2000-04-22,2.5039112446991796,-5.841512808248297,-0.16905443427986644,-20.475283095824864
2000-04-23,2.160309060689396,-5.591120414472382,0.8866139815264745,-20.308369633696923
2000-04-24,2.418380202225318,-8.16893799696662,-0.02754915915474776,-19.670301972980614
2000-04-25,4.132822471010559,-7.925601291604654,-0.3507137257446043,-20.358673537103357
2000-04-26,5.4687252954441625,-8.07467700130521,-0.30340504545260194,-20.193720826751587
2000-04-27,4.107292608714369,-8.964775816472663,0.6606286070596793,-19.376197453071324
2000-04-28,6.697171786443829,-10.359978559369857,1.4954913961055434,-18.48497487957427
2000-04-29,6.948874812674765,-11.579086252773987,2.5397407315730014,-18.260918596706073
2000-04-30,6.271517329127289,-11.307176719013205,2.2483884052287246,-17.967800584411698
2000-05-01,6.15257744336622,-11.431068773305407,3.0928186556430832,-18.527604229190096
2000-05-02,5.334906821154663,-8.604555553755672,4.32889253146865,-19.389970544999027
2000-05-03,6.176970199765795,-8.088636030711683,3.3123707656151886,-19.427980741611456
2000-05-04,5.766334754507492,-8.726550697316506,3.6924258145788427,-19.616532926420415
2000-05-05,6.619626916295882,-7.547139358781858,2.2141521418946324,-19.86858198555698
2000-05-06,5.64494554926754,-6.723292704781907,3.740556319111648,-20.322019467197062
2000-05-07,4.49664311089578,-5.234648473534497,4.127411042146723,-19.7086065107271
2000-05-08,4.710163180438212,-4.387733748173612,2.21410549710066,-20.41875354360087
2000-05-09,4.897387818290226,-4.374510216159846,3.4286971978092327,-21.73886798748186
2000-05-10,2.7787922297405743,-4.008228910913569,2.862893888800685,-21.97809244243313
2000-05-11,3.817284334537287,-3.7533161890137396,3.8151584138319783,-22.617747908723523
2000-05-12,4.795545753560405,-4.471324964308826,4.90699045058189,-23.54381636837117
2000-05-13,4.491821984131285,-3.727832208907791,4.6945572132381725,-23.78357300523313
2000-05-14,4.84568581300363,-4.09274974573828,4.484307926198149,-23.04866381350645
2000-05-15,5.500289560247989,-4.518489674222557,4.401195765152116,-21.303830519693722
2000-05-16,5.145512342422444,-3.6712075621948017,3.457134132997626,-21.729237592261235
2000-05-17,5.542336877327293,-3.8828558015336982,3.1458872516927823,-23.719968837432774
2000-05-18,6.107845389309382,-3.0405246292212738,3.323222270891718,-24.1565841986075
2000-05-19,7.139477655097495,-0.7849707520991935,5.183276755877076,-23.94755259575518
2000-05-20,7.112263934845159,-1.79320574527115,6.835344410564544,-21.78333216106835
2000-05-21,6.045015093421332,-1.7827164541701999,7.415787814751395,-23.35938063874267
2000-05-22,7.042976785573647,-1.9306780338088625,6.774911500057245,-23.1339989078745
2000-05-23,8.135205983323772,-0.38436119028593874,6.117621692255252,-23.750321860233836
2000-05-24,9.764239532147457,-0.977875892009441,7.17993246340801,-22.30891932153778
2000-05-25,10.580986015925445,-1.2140253720179714,7.507099997753454,-20.979957431929105
2000-05-26,9.498878442606859,-0.9165861338540112,6.783705490458997,-21.56257966540057
2000-05-27,10.372248871786804,-0.5570088696336638,7.259760672583357,-23.28321068589561
2000-05-28,10.176834775494374,-0.8757141847104579,8.136415369893657,-21.35142745658699
2000-05-29,10.828095550263722,-1.0507963085705623,6.549666773146844,-21.800384229004496
2000-05-30,12.113098010109839,0.645721587094293,6.685940450879054,-21.87262109234406
2000-05-31,12.017074499861383,0.5751776805477133,8.20848198360804,-20.409868259782364
2000-06-01,13.38749448745927,0.524390296082596,7.3672467530919725,-20.629644450128527
2000-06-02,13.367407581274426,-0.29507226697905364,5.852114111050436,-19.78016493806961
2000-06-03,13.676309564286887,-1.590840372480788,6.7372348761405725,-19.13814932259296
2000-06-04,12.873711297633012,-1.6910675435471607,6.3570426982047294,-18.88333450207666
2000-06-05,13.352721123875096,-1.2155278120475401,7.501071323619477,-19.132822700263446
2000-06-06,12.92927835273783,-0.16586179301685755,8.02528892735837,-20.22443432429908
2000-06-07,14.000720977807298,-1.273679934640997,7.230162359601496,-21.934412411439038
2000-06-08,13.023725096136461,-3.0281480795092732,8.67301656521138,-21.330707424628322
2000-06-09,13.46056559211414,-1.908683686727895,7.471964457369015,-22.11190826687449
2000-06-10,13.179305765264965,-0.9774743858527558,6.541160908351203,-21.9066293245675
2000-06-11,13.546025002196044,-0.47197123444267364,7.299050300259311,-21.298428621825998
2000-06-12,11.791898618959648,-1.5547639955517856,7.084234865518614,-21.410573240540412
2000-06-13,12.30886835959624,-2.7002726463288127,7.217656622128604,-21.909185013315145
2000-06-14,13.347776700014869,-2.191785442813637,7.113225681552164,-21.81886700946969
2000-06-15,14.190330509512476,-2.7116340482022574,7.007462059262424,-21.966613917759926
2000-06-16,15.19608723618828,-2.2064179551501897,6.436369344575844,-21.639010612108482
2000-06-17,12.407259520744473,-1.4882152521819954,7.069645311359406,-22.15143977596097
2000-06-18,13.033029531253616,-1.080072793611678,5.421839695641308,-23.818410819672472
2000-06-19,13.13375428507208,-1.1714245375698977,5.154703199586999,-23.420828670155654
2000-06-20,10.620292861407947,-0.6083744820901246,6.755906872927106,-23.131029541142517
2000-06-21,10.73631110876211,-0.438723562148417,6.81184810101619,-23.62735604689646
2000-06-22,10.83705160446968,0.01322472145771697,7.024129528471387,-24.89200012430681
2000-06-23,12.170389402250326,-0.1717431854999005,6.6597863411285285,-24.882657355028563
2000-06-24,12.476099217184341,0.09541628938033145,5.473872316124958,-24.716969900922003
2000-06-25,12.154606347360989,-0.5435213943280448,6.383546593823345,-25.86721175458571
2000-06-26,12.304728789435282,-0.279150323704449,4.753145749774629,-25.657273672249296
2000-06-27,14.040103455052096,-0.3090780387341825,5.220620594029509,-26.04370413740328
2000-06-28,13.796201722896912,-1.2479979383672826,4.146788501028011,-25.08725479574591
2000-06-29,13.698750318778062,-1.4596197823766994,5.116199836905904,-26.635966343548724
2000-06-30,12.504407884567367,-1.4213600450574397,5.315594512888685,-26.10796099377798
2000-07-01,12.1459415037727,-1.1874888142401432,5.096487376860724,-27.673847201012293
2000-07-02,12.78332577169733,-0.0549766853786009,5.546620794792156,-28.29420305819095
2000-07-03,13.254405779643594,-0.42597857438208425,7.41608294357639,-28.089596893085577
2000-07-04,13.316881990936178,-0.369444210286661,6.870807494556516,-30.252878586069567
2000-07-05,13.877815691503244,-1.0914901845551284,6.66569539040329,-30.985895215273064
2000-07-06,12.362238542878755,-2.9701869027252537,6.484469888348887,-30.174140800235627
2000-07-07,11.903583204423947,-1.871515041560281,9.53010294220351,-30.438555851914685
2000-07-08,10.279199404143279,-1.8750527501712926,10.221181302575653,-32.17687807986946
2000-07-09,12.996783257046584,-1.7570827246411453,10.281866098326859,-31.079771003375026
2000-07-10,12.669621296438836,-1.0340254504222672,11.642996209839685,-30.06829594590248
2000-07-11,12.72111535554419,-1.762840762781849,12.402092275927629,-30.253948190386545
2000-07-12,13.081459359352559,-2.225837345528791,13.18553681242118,-30.820806032976755
2000-07-13,12.750105315352357,-1.922910716562793,12.906913402909666,-30.22691759956737
2000-07-14,12.06572836022205,-2.899807877588188,12.802160191039071,-31.763809563681114
2000-07-15,11.464238755550044,-3.635729466565272,13.456880417221964,-31.66255156050961
2000-07-16,10.206695314743904,-3.420900586955841,14.370136401720126,-31.751535747437295
2000-07-17,10.989019508990365,-2.5628034018217942,15.197566285201358,-31.389516773460663
2000-07-18,11.67266485677935,-2.195733252547063,15.981932059086107,-31.970343386574292
2000-07-19,13.717368823786199,-2.183382275557089,14.181590652980676,-33.21090756420921
2000-07-20,14.125768667298251,-4.237714918892763,13.5784516920528,-32.112181571790394
2000-07-21,12.618101934224184,-5.393004880706154,13.186428836282404,-31.432476443368092
2000-07-22,11.831271216929252,-5.36952860655576,12.890426152717405,-31.55619115175093
2000-07-23,10.5959419402783,-5.380310586108291,10.321563733815816,-31.536212847457346
2000-07-24,10.490398656002863,-7.086861814629079,11.417670947137495,-31.51314972368104
2000-07-25,11.377398184779326,-6.078180978761844,11.24573433550956,-33.824134731096095
2000-07-26,12.250351534609992,-5.570481528944159,10.550056990001355,-35.66369453129635
2000-07-27,12.205105514149412,-4.585066253459954,11.262711554836523,-33.83493060114791
2000-07-28,12.974674273082167,-4.71879632242419,10.921241421250395,-33.67830232385159
2000-07-29,13.035861187264665,-5.338003494589473,11.567460609557921,-33.97240158037357
2000-07-30,11.908883877790913,-5.2754531015829835,12.360132544468234,-33.67736265367198
2000-07-31,11.207026897919317,-5.652004686964247,11.37977583612992,-33.080577792853035
2000-08-01,11.957210145494297,-5.608180094875035,11.932718961400749,-33.38760310081707
2000-08-02,12.25243161544191,-5.104663998210917,11.679535625065732,-32.91585779276221
2000-08-03,11.684210080956687,-7.42493707923801,14.409920395946891,-31.80268542258214
2000-08-04,11.855983794025665,-7.6723135016101995,14.474625679624902,-31.041486180865288
2000-08-05,13.420253081447212,-8.286839033030553,13.763125915623364,-30.34263860851772
2000-08-06,12.358230206138288,-8.916207526574896,13.905626584422007,-29.946855771688913
2000-08-07,14.713771868701498,-8.204317635057734,14.502498083908918,-27.91489381283749
2000-08-08,14.185623857411542,-7.414180773304377,14.575428476817612,-28.86191759803785
2000-08-09,15.06850812656089,-7.90324336907438,12.816672641488633,-29.174556765305276
2000-08-10,13.978279542226264,-7.357085131614184,11.338198334499046,-30.216022081832097
2000-08-11,13.181889839364219,-7.6181237083003195,10.513339397043275,-28.812331217346532
2000-08-12,13.32452273948149,-9.57667876386632,9.662615343588966,-27.63032719146173
2000-08-13,11.665163466588353,-8.783080550959406,9.717394339084953,-26.377750040445378
2000-08-14,13.292189521370952,-8.684963186702246,9.512195851507075,-27.076541754870195
2000-08-15,12.348985043663722,-6.647121164195344,9.768700846624988,-26.055375057750993
2000-08-16,11.280367894822295,-7.29238443856056,10.011970607278448,-25.693052596607874
2000-08-17,12.901445738759488,-7.190667279403305,11.727312348116223,-24.446685107522825
2000-08-18,12.867618936169931,-7.863774602822719,12.440506752259445,-24.575400241215107
2000-08-19,13.243426625254545,-8.500502429207321,13.55664274082744,-26.331450213095618
2000-08-20,12.666702289786942,-9.571811044360315,12.928472239564204,-27.42736870004459
2000-08-21,12.942030649015834,-10.805725142364905,13.580644029441634,-26.94077663102834
2000-08-22,11.312963038324831,-10.840347707345675,12.963868896100525,-27.320428094116032
2000-08-23,11.9687212828308,-12.166343852484085,12.385996900096723,-26.59368444737449
2000-08-24,13.567418642519904,-12.161221742462184,11.748515702940391,-27.010310595215632
2000-08-25,13.609676189915929,-12.47192885489976,12.287627836141352,-26.04860539167174
2000-08-26,13.896720886821067,-14.219813368309344,13.16981739858416,-26.027432819926855
2000-08-27,12.621638062834421,-16.330437849060484,11.146722758274276,-26.81239773540668
2000-08-28,13.291096863906338,-16.018646863984117,11.099517181858205,-25.638072196514774
2000-08-29,12.048161745391788,-16.21822697580195,12.641788274801106,-26.753537587332726
2000-08-30,13.051864633764817,-17.419176738393396,12.427179894831143,-25.856229595128735
2000-08-31,14.312883819900343,-16.429096516791002,12.846606038819232,-27.314914133293232
2000-09-01,14.269834621634702,-17.348442155220646,12.224504247819482,-28.57370796644304
2000-09-02,13.144128836730616,-18.431116173121882,12.708262845043635,-30.342572680402444
2000-09-03,13.699007902006498,-18.822515633309003,12.330480346263062,-30.97908276016397
2000-09-04,13.713274053726686,-18.684734568912216,12.664852658050785,-30.976422530290442
2000-09-05,12.413360809380354,-17.239748091427014,12.87459701720195,-31.764637855291063
2000-09-06,11.879206514732841,-18.575042550961847,13.753250391682434,-32.6837706555635
2000-09-07,13.289873009520708,-18.472742141857463,13.999450301426885,-32.792060246666715
2000-09-08,11.915531033260754,-18.813671332341112,15.44128841316019,-31.151643223194036
2000-09-09,11.526350000352199,-19.250522079794777,17.31069824671073,-31.38270818203616
2000-09-10,11.404953541896829,-17.955114581752415,15.37850638956,-31.297902227226096
2000-09-11,10.594005403703168,-18.560775406451384,14.341413063486932,-30.812204258520687
2000-09-12,9.706111442935928,-19.454091042048894,12.550728374666692,-29.561801058018958
2000-09-13,11.281965461907497,-19.00591095151018,13.126396560691484,-30.06162012505514
2000-09-14,13.040189724554946,-19.172156317775368,14.015362701920667,-29.00419798345681
2000-09-15,10.628409072815444,-18.23598960616302,14.713861632208873,-27.17126326129386
2000-09-16,9.948189504024034,-17.13686044116537,14.892847917308735,-26.296188387863108
2000-09-17,10.400903645844151,-17.28473795723371,15.143526285564025,-26.55630968204556
2000-09-18,10.36807989349201,-16.597819079875592,15.894882915295609,-25.92243318628638
2000-09-19,8.689148522537884,-17.087408858197495,14.915267809748668,-27.71358571056657
2000-09-20,8.559397611580852,-15.86614476367789,14.37529043765647,-26.954596906477857
2000-09-21,10.533045761553856,-15.988408335732581,14.318434611039091,-26.6884714608769
2000-09-22,11.008135261839424,-16.280646700921302,14.64003999027575,-26.21341686232951
2000-09-23,10.372717818897415,-17.313030060441985,15.64935445344911,-25.935632962746936
2000-09-24,11.359022340492736,-17.790078484296657,14.202561438653351,-27.22719334570546
2000-09-25,12.017660302390784,-17.08560259382654,13.373584362077924,-28.06355454787351
2000-09-26,11.921072908144971,-18.290857655771386,13.874030449294244,-26.81246088974822
2000-09-27,10.57165688841263,-17.997718188958668,12.335215845053307,-26.105409320420346
2000-09-28,10.134941094801968,-17.02727970741007,13.472997703423989,-25.985261978890108
2000-09-29,9.297463331070764,-19.225842153148278,14.027841999629443,-25.741229691046655
2000-09-30,10.560219679041307,-19.163114454944928,13.468336735152576,-26.15097061403913
2000-10-01,11.838203817605407,-19.175992257461797,12.335643466669119,-26.33728533757024
2000-10-02,12.589479040873627,-18.882512979109535,13.361356632294404,-26.09635031062081
2000-10-03,10.193092692002619,-20.3237052711046,12.69452419169422,-26.251299199030043
2000-10-04,9.813334234664818,-20.587446886573403,13.21514933425604,-27.687765141262297
2000-10-05,10.141150786803173,-19.5775015766246,13.925859790212982,-28.57640694513678
2000-10-06,11.024059826764915,-18.330021148800803,14.703939537348532,-28.76000755678684
2000-10-07,9.632399033207683,-19.30723879901665,16.326910188622936,-28.262228167561265
2000-10-08,9.336683896393756,-18.490837109310263,15.859338401271813,-28.461445952927544
2000-10-09,9.299107730204991,-18.581791812035487,17.775637603416946,-28.970474398014414
2000-10-10,7.447257422094102,-18.05731163931852,17.890504166061334,-29.662057490486855
2000-10-11,7.527302224506026,-17.98758646197854,17.618558957122527,-29.56514414894683
2000-10-12,7.364780119258679,-19.261660704646697,15.774022144799186,-28.414330545705354
2000-10-13,7.327645146990924,-18.2501028433997,15.455644551047,-29.025470759940237
2000-10-14,8.249010366828546,-19.55734043245597,16.43543744916962,-29.641618024396205
2000-10-15,8.05064319508506,-20.625409985476008,16.5519316354988,-29.884706634529824
2000-10-16,8.20161777976145,-20.766946565744338,15.701886845780061,-31.015487582479192
2000-10-17,7.113643971050549,-20.26564549480608,15.070798077080688,-30.18585189319394
2000-10-18,6.628069317710111,-19.045140195693023,15.177576285487811,-30.433454120369955
2000-10-19,5.97561509714018,-18.76335695024886,13.839184236518715,-29.425140964608506
2000-10-20,6.419270341973081,-19.478926675297416,13.33230670285849,-29.768746204489318
2000-10-21,6.153069726264565,-18.61689646755812,12.052747385013717,-29.28643092283773
2000-10-22,6.728788279642193,-18.463037903341515,11.330157613385548,-29.06988515664489
2000-10-23,5.810576446903045,-18.517241509185286,11.263642256521111,-30.388828150190918
2000-10-24,5.666027387878826,-18.561560419369634,12.669071504577273,-30.53266441333008
2000-10-25,5.335245089661572,-18.96540324351233,12.231008105506701,-29.040002271237547
2000-10-26,4.866483200026487,-19.150046929873447,10.824975834873202,-27.513799988481388
2000-10-27,3.028568934484892,-18.442023632242027,10.074786226569893,-29.17230343754977
2000-10-28,1.8917628196722238,-17.972342266910214,9.447970284592536,-28.618133986241727
2000-10-29,-0.154773821085326,-18.400188083134815,10.419858090096266,-28.170018575971074
2000-10-30,0.11632713810003914,-19.25286548698855,11.157023236196704,-27.929423698262532
2000-10-31,0.7845146302049616,-18.588570292052584,11.40287708547953,-26.45797671479646
2000-11-01,1.6430087766892547,-20.263411596821623,12.275139781487894,-26.203654594163076
2000-11-02,1.3195916969483603,-19.86140091683388,11.176602760982483,-25.935141434497258
2000-11-03,1.4112660108443764,-20.28073863076258,10.58072223430684,-26.901128157021642
2000-11-04,1.3785998434411602,-20.327118970280004,8.291765798538947,-29.596915204280336
2000-11-05,1.7840636403571053,-19.955987754600933,7.6265741439662,-26.8149042055941
2000-11-06,2.6923992013833367,-20.653970681559983,8.011719606616333,-24.631573341503866
2000-11-07,2.717343646528243,-20.283022813825454,7.850361186016428,-26.793743119634552
2000-11-08,3.8857322678949293,-19.21031639457993,6.9251479339302255,-26.34626477778864
2000-11-09,3.8753287942206316,-19.601500956229952,5.570053421532128,-26.902945259161477
2000-11-10,3.3892011984942396,-20.625544433475724,5.951085001480992,-25.40353905549932
2000-11-11,2.6040452469674715,-22.255730248631345,6.6643386388274175,-24.47764387712896
2000-11-12,2.751825174816292,-20.81871454470973,6.711961055591146,-24.713031375733443
2000-11-13,3.8436111111931552,-22.942134658382006,6.628940405582544,-25.53607497991496
2000-11-14,2.321964442341942,-22.625307629206567,4.658098884515978,-25.190326287810727
2000-11-15,2.1386692689891733,-23.637069527347812,4.348710635454253,-25.845568371165335
2000-11-16,2.6380768011990603,-22.037952265291313,3.9820270570993257,-25.607585152485026
2000-11-17,0.9134278418210191,-22.437190607452536,4.009503926654716,-25.896358470534825
2000-11-18,1.0704518917801251,-22.31708521453282,5.886976157516671,-26.099627234700524
2000-11-19,-0.2242600666313057,-22.373150144397474,3.367197124634072,-27.14855468468287
2000-11-20,-0.5856073639212673,-21.76603681183658,4.10191697202519,-28.03155229503992
2000-11-21,0.6436030321372816,-22.3005999794641,4.850964646213308,-26.985337103015045
2000-11-22,2.272042978913736,-22.356065428783687,7.575708565003829,-26.586092691278303
2000-11-23,3.223371932021685,-21.57630460908995,7.854883492192348,-25.21716095294507
2000-11-24,3.9138380502185086,-22.435711203338503,6.401080439722507,-25.790259868132463
2000-11-25,5.784004010594719,-22.4846970815896,5.529438170707716,-25.667881395229
2000-11-26,4.198276852820048,-24.19783268505416,8.207074709594949,-25.940849859219234
2000-11-27,3.560834981329596,-21.898822694908418,8.391127940185868,-25.3255386305526
2000-11-28,5.3824782544528365,-21.337916761919697,7.749856776937714,-24.066359813163473
2000-11-29,5.241413626671839,-21.247791820529514,9.021280364211508,-23.175939253712816
2000-11-30,5.449550651400441,-21.212616109252142,10.404626443759552,-23.89932279982492
2000-12-01,3.5645279823020566,-21.501687240053016,9.710710216545074,-24.55274768014716
2000-12-02,4.85054621722016,-21.54992188630653,9.762969891396752,-24.796124917008843
2000-12-03,6.202439093338561,-22.104597123095537,10.388988736717788,-23.493092921676975
2000-12-04,7.099636113155517,-22.55706845205565,9.033652255678694,-24.49318403498455
2000-12-05,6.94177284255824,-22.48246794542952,9.637331592559518,-23.892883509147445
2000-12-06,5.938611809798093,-21.193305143990905,9.560315384993865,-23.53411505034639
2000-12-07,3.9747898526437258,-23.178720563906257,9.341858861338125,-22.305261188030656
2000-12-08,4.686487915191403,-22.33617989662206,10.044822151378964,-23.343330342368134
2000-12-09,5.357704263451402,-23.517124839664877,9.664914005677264,-22.42411660566211
2000-12-10,7.497787559166942,-23.449199600041126,10.449055024759915,-22.32212259990379
2000-12-11,6.811825840908197,-22.36185670176813,10.708519276243475,-23.228335163355478
2000-12-12,6.7973654552917475,-22.226964089092583,11.141693651502871,-22.878773242174848
2000-12-13,9.256750262399008,-21.030629828440183,13.082774240909256,-23.710999164920523
2000-12-14,10.849283148199866,-19.635325140120877,12.26402539249581,-24.374698287192
2000-12-15,10.86226629424517,-20.28621607985337,12.246244779446016,-23.975940427924336
2000-12-16,10.887956222985672,-20.348368112951082,13.02573942473498,-25.002283271224627
2000-12-17,12.448918692321733,-20.212261972307893,12.083310216681387,-25.072890199197865
2000-12-18,12.816657699262404,-20.181541188319628,12.71926192828334,-23.88537383014151
2000-12-19,12.292399448279566,-20.605128697791727,13.146219740629286,-23.506381926803073
2000-12-20,11.988219807337906,-21.275791874648124,13.21834767820606,-22.34258994679136
2000-12-21,12.619286832234387,-20.69773353878138,13.130083104822946,-23.123625371168366
2000-12-22,12.772118680334756,-21.390111602080896,13.915296960904923,-21.295049385142068
2000-12-23,13.912253988795744,-21.26433792137328,14.907092075453082,-23.30840179170675
2000-12-24,14.290908402340023,-18.778590385533402,15.742015226629887,-23.160005438252558
2000-12-25,13.742405764565387,-17.360117091056527,16.376247213648607,-21.882269043367124
2000-12-26,11.731654824800636,-17.119050334071677,14.874979740204111,-21.72148199968785
2000-12-27,11.848269951593801,-17.074414995451818,13.856657060322135,-21.783584046834772
2000-12-28,10.561476448889145,-18.248884666377577,12.21125098903183,-19.387468246807263
2000-12-29,9.383076751607762,-17.596512546864343,11.348233880112183,-19.70625366736567
2000-12-30,8.969317070480784,-17.569606823944945,11.606598333641662,-19.397694644687316
2000-12-31,8.22510118339356,-16.711314486707497,11.902911320813917,-19.928229066924803
2001-01-01,9.28524266873751,-15.915909286650262,13.300814927454383,-20.263705571158525
2001-01-02,7.981575147567238,-15.935371691507921,13.749074321121917,-22.454003691549893
2001-01-03,8.45857072061146,-17.527119935438296,14.621134691813717,-21.899022096816203
2001-01-04,8.065842600372395,-17.954498494830858,13.652952540766004,-19.941005618614078
2001-01-05,7.543533865850788,-17.80328825451093,12.128898585749884,-19.47157318935694
2001-01-06,6.146548281154509,-17.59826294330582,12.480019917052159,-19.70226749140851
2001-01-07,6.46495900812429,-18.279458494598185,12.392779686746033,-20.011380000106218
2001-01-08,5.527641663869434,-17.216471903927594,13.640128020077855,-20.36063212564906
2001-01-09,4.414426749158301,-19.547162506281857,15.98513429613469,-21.583167148052542
2001-01-10,4.280614677389799,-18.272559065391057,18.15296204041286,-21.7011209249436
2001-01-11,2.2411007018446027,-17.34437014794961,18.510462795091318,-21.44520163829207
2001-01-12,-0.002483064858692874,-16.52944941224762,18.923758625697356,-22.47665965865223
2001-01-13,-1.4115124470537503,-17.75465986021886,19.300011615120976,-23.274651191787367
2001-01-14,-1.6272315065674228,-17.323267651464107,19.53341658798721,-21.009123599751817
2001-01-15,-1.7271232066916649,-16.451131829848695,19.47930663360159,-20.11228182480715
2001-01-16,-1.9118331422501877,-16.80792042253739,20.44215637874545,-19.386562635453213
2001-01-17,-2.362247966809737,-18.036879161415214,19.282701551818782,-21.07150387935289
2001-01-18,-2.0224278855952504,-18.3609987074759,19.10380094513418,-20.486469853169673
2001-01-19,-1.286743510599351,-17.41417626491131,17.890888651547904,-19.63960063137735
2001-01-20,0.2507552737618688,-18.045567776945788,19.24878127076841,-17.524605384334585
2001-01-21,0.42058650945457576,-17.802542450683987,19.738136552009315,-19.139928948235656
2001-01-22,0.6669514442626008,-18.351251516707894,18.973434922547007,-18.337225565217636
2001-01-23,1.2003365179668362,-18.399762501885647,18.03521257723245,-18.197886050350995
2001-01-24,1.1443135439570007,-17.019148298728282,17.38541419723274,-18.43435519061323
2001-01-25,1.8680411854363452,-17.396965859325565,18.62905050345457,-18.895231202748253
2001-01-26,2.997549631264631,-17.7682740303714,21.036298241984607,-16.472170220157494
2001-01-27,2.096448897501185,-18.441709251166888,22.570980666861686,-15.879762782175987
2001-01-28,1.7218827748800565,-15.41157071693856,22.329854152220626,-16.891974834670055
2001-01-29,1.4953805491870698,-15.058104354289588,22.448547263794154,-18.429268465797932
2001-01-30,-0.17743504684252565,-16.620140824535042,21.40113493854438,-17.210924545514242
2001-01-31,-1.4054332392104711,-16.886549373833013,21.583821921928525,-16.83432347206481
2001-02-01,-1.9997737542367728,-16.320414219621597,21.8142238007159,-17.91647325840531
2001-02-02,-2.635639217697009,-15.21752498055536,23.434194312849147,-18.574625664246796
2001-02-03,-4.351685100122195,-13.129947959266378,25.83962839271712,-18.500512854532293
2001-02-04,-4.581073259577505,-13.897826918646679,26.17534521193814,-18.884197272957856
2001-02-05,-4.869724899001505,-13.856434615499918,25.238465990723633,-19.611138763514166
2001-02-06,-5.930003496437459,-14.272068704741926,26.644289210198938,-19.493315786738382
2001-02-07,-4.976401301124361,-15.303920259453628,25.434657963720078,-19.174472066204874
2001-02-08,-4.7856257121939425,-14.554275170419055,24.74477984968634,-20.298048214098447
2001-02-09,-6.8577704945409454,-15.415193204439028,24.666982570587383,-19.866313724596512
2001-02-10,-7.567651672969845,-16.49982411342502,25.00795647312774,-19.630277236905563
2001-02-11,-8.201976815083023,-16.435743078113735,23.88307303899597,-20.75492422852708
2001-02-12,-7.489771517499933,-16.546792536190058,24.619554290269196,-19.605368671957407
2001-02-13,-7.571584952092588,-15.274973267235211,25.33923878751741,-20.078229914161415
2001-02-14,-8.194141069617782,-15.19098316119115,22.839389079869974,-19.962041689724803
2001-02-15,-8.946515023179478,-15.379556498449444,21.84650985802302,-18.777428751261105
2001-02-16,-8.559598002315159,-13.578515820457183,22.27385059808469,-17.584884335894422
2001-02-17,-7.578593078541373,-13.18078586596653,22.933496885808275,-16.6341845117389
2001-02-18,-7.302252051528233,-13.334863593067364,22.721536749481803,-16.677704539639162
2001-02-19,-5.668591180871806,-13.702480302251109,22.681329159770215,-14.840597088466513
2001-02-20,-7.032392860744226,-13.054662636071221,24.326404819516977,-14.396317721134558
2001-02-21,-6.378006040329527,-12.712309917733728,22.973054448638457,-14.886957486562599
2001-02-22,-5.310329825368484,-11.906825989374859,23.379379103695218,-12.769559186787657
2001-02-23,-6.31771234371781,-12.33341974901612,22.122356736147893,-10.994888668914392
2001-02-24,-5.5911703343958905,-12.37079771007426,21.67922568991311,-10.40438294965751
2001-02-25,-4.290709787231512,-9.746401484408066,23.308414074610575,-10.853971576956562
2001-02-26,-2.9960149629915955,-8.84622895978866,23.07335142847895,-9.855493057006049
2001-02-27,-2.952661719311823,-8.399067880414949,23.371511592906796,-9.962708452613702
2001-02-28,-1.99090321341788,-8.193014406612368,22.303280520954218,-11.434533643282828
2001-03-01,-3.4637680163924163,-8.986180333840792,23.686511362531373,-11.899029380243839
2001-03-02,-4.033452704395352,-8.99684593865908,20.291340384252997,-10.668973695052207
2001-03-03,-4.157542397633913,-7.681579021511325,20.103195504892675,-10.831816900009409
2001-03-04,-2.942931683371416,-7.086237620707639,20.815450446154912,-9.973953149338977
2001-03-05,-3.3692728138505714,-6.532460455996346,21.306849927870026,-8.614988533803459
2001-03-06,-3.4153050010608195,-6.7821667603194715,20.324990402981047,-9.304941803752486
2001-03-07,-3.484190168035976,-7.373718513638155,20.26936938262692,-8.254550263719691
2001-03-08,-3.483806411222894,-8.147754725354245,20.30344795718413,-7.321388819493864
2001-03-09,-4.385596289027925,-8.936444480584154,21.928478569869746,-6.936076499363283
2001-03-10,-3.4217204107277706,-10.409699879440195,23.43762201342565,-6.081453664932157
2001-03-11,-4.578091188888051,-9.836066506785201,23.03902947329004,-6.383898910533866
2001-03-12,-4.491563831994119,-9.426678888765363,21.342435563260324,-6.638365419913466
2001-03-13,-5.629893376909851,-8.985581122474057,22.320206708778322,-7.197792695175043
2001-03-14,-4.870896813452096,-9.24405386069544,22.6879750908154,-6.0976356479190965
2001-03-15,-5.767007779958303,-9.3445052175082,23.811699516094738,-4.471102017944476
2001-03-16,-5.6766700950768385,-6.174687429853706,23.852164151081457,-6.277919313632916
2001-03-17,-7.1104273244938225,-5.279583673867064,23.779525842937797,-5.798931234180078
2001-03-18,-6.916837280218058,-6.884285833735906,22.35928101860992,-5.680178234840785
2001-03-19,-7.293344737138762,-5.720182750395725,20.80511173878559,-5.7372601228866635
2001-03-20,-8.036887472148873,-6.900162928473604,20.6838697519659,-7.144261016215629
2001-03-21,-9.112235638035813,-8.358469025591846,21.095324312707568,-7.4870721496445904
2001-03-22,-10.544863925080838,-7.689545189073583,21.256926874663225,-6.828665833899214
2001-03-23,-10.677102301153894,-7.4701601396817905,22.568415779008866,-6.08572034964219
2001-03-24,-7.983063367300863,-7.378112751427089,22.79874273566667,-5.75620719777752
2001-03-25,-7.677414323599288,-6.839549261229491,20.902790055967785,-5.171740980063941
2001-03-26,-6.8144077811714405,-7.55364551847653,21.134368209293882,-5.678795856412954
2001-03-27,-8.356234086144857,-7.358333576979621,21.51873935551908,-4.850315053115898
2001-03-28,-7.528419391561469,-7.308771416759943,20.890770736277727,-5.474482510803906
2001-03-29,-7.3248990659446696,-7.060559537453238,19.38271954073212,-5.308451521549079
2001-03-30,-6.139742973516675,-7.855716097612667,20.392806363924397,-6.575525148723211
2001-03-31,-5.733691675280053,-8.617633975101365,20.217004369515433,-6.685920529364068
2001-04-01,-4.563861903454674,-8.537400689454246,20.733298767144877,-7.012273006691808
2001-04-02,-3.8700546025457605,-6.900839267439259,22.582606234944663,-7.635055591522284
2001-04-03,-1.8073703362906666,-6.122847112679467,21.892035442520164,-9.777884858054144
2001-04-04,-0.8184477474724606,-5.963532326631429,22.159149241034815,-9.92811921054819
2001-04-05,-1.5732155810688528,-6.93627466979177,21.12665054324858,-10.161684791064756
2001-04-06,-0.8186037970044092,-7.444179782332905,19.715098402858423,-11.12076490696473
2001-04-07,-0.27267529970257753,-5.917670074655229,21.116877477920667,-11.90927816507419
2001-04-08,-0.3291375954039807,-7.004086299792968,22.470333221836476,-11.449685512624505
2001-04-09,0.6219832227152291,-5.901963220181702,22.656245251708405,-12.038695535143212
2001-04-10,2.3945065491072297,-5.32815716062537,23.025487040890326,-12.748930358683987
2001-04-11,2.772348031107178,-4.660516281166664,22.306975617527666,-11.933883118881148
2001-04-12,2.443173775298491,-4.515192739426316,20.52584311350805,-11.098404391484328
2001-04-13,2.9359824561693997,-5.5593913505506976,22.33212029821663,-10.106408265717018
2001-04-14,2.0546155030769904,-5.136946615559871,22.884605666193202,-9.780400405470008
2001-04-15,1.0289766875116757,-5.707494212018942,22.25360808801146,-10.84287236681373
2001-04-16,-0.17273017267728097,-7.156663978496644,21.917476841453958,-10.113479934412645
2001-04-17,-1.5099458392824092,-7.41473569283663,21.49518685309105,-10.680507809535975
2001-04-18,-2.1392740160571524,-6.187116930210246,20.34076104753215,-10.847794131699866
2001-04-19,-2.1898707036867116,-7.590667445817663,19.649367058866886,-10.281620582185944
2001-04-20,-1.3481638138556282,-8.508321788833863,20.253169973762756,-10.64572409458605
2001-04-21,-2.571332443268518,-5.510929431510897,19.337903444599537,-10.54380972918863
2001-04-22,-2.67754176941708,-6.995142836064721,18.60951026454274,-9.627316331038543
2001-04-23,-3.658908980013996,-7.029383813954934,20.22433357114813,-9.505086223242419
2001-04-24,-4.625820723310283,-6.933393211337096,19.83183697403413,-9.88563693790693
2001-04-25,-5.098934512859458,-7.732538951528374,19.233762834774215,-9.380364031851036
2001-04-26,-5.9682244336879595,-8.557652438231148,19.69369643669838,-9.183312795875356
2001-04-27,-5.639176806116408,-9.684383917670917,19.79020094552577,-8.978327794059215
2001-04-28,-5.5945323243053435,-8.056176937886695,20.77290291682619,-7.265540976619176
2001-04-29,-5.5413786686109985,-6.854310494293449,20.38399305209093,-6.433671788269755
2001-04-30,-2.861432637937919,-6.163070204698708,19.386209112610597,-7.381388144322191
2001-05-01,-1.9720505299554154,-6.906410908677508,20.105775247492378,-5.966149958439591
2001-05-02,-2.0141857813470603,-6.065999259413768,19.022221596525775,-6.030747850944143
2001-05-03,-1.7872258674303865,-6.416837630145833,17.183025081024077,-5.588245566065681
2001-05-04,-1.62561483607776,-7.924226041773781,18.262109368596228,-7.800111462486979
2001-05-05,-2.248098169360372,-8.128977982354733,17.86737012817803,-6.876373972095292
2001-05-06,-2.4712063833579436,-7.299359451326457,18.53232879337864,-5.727381110073892
2001-05-07,-2.0772684456639237,-8.457896400071741,18.799547597292907,-6.733594327437606
2001-05-08,-2.9470547528924516,-9.120078547601377,19.31760214158252,-8.543669953822802
2001-05-09,-4.391893623013028,-8.487775540528837,18.070598874423634,-7.982735835496627
2001-05-10,-4.411850480003576,-9.102105110567765,18.021038994555504,-7.344335389180726
2001-05-11,-3.4639014950613602,-9.193612434534659,17.33043757383461,-7.323923787235995
2001-05-12,-4.08484560568076,-9.300753130370039,19.09746122248179,-9.026533896060082
2001-05-13,-4.020549584433725,-9.936002001262858,19.546969401993305,-9.799893499479882
2001-05-14,-6.172446657859988,-9.89777963875136,21.625705419159193,-10.121428915532377
2001-05-15,-6.672377407718082,-9.948547314380287,21.696778780321736,-9.50124278925343
2001-05-16,-6.537559642185944,-10.33652219054075,20.768126153719454,-8.402314651670588
2001-05-17,-6.826985080039063,-9.344507711251767,19.58767947437811,-7.403443470215153
2001-05-18,-7.095657058404349,-9.13829575228038,19.767338591012788,-7.626707043116974
2001-05-19,-6.898340786936328,-9.412864722716604,20.606228108706123,-6.777612923191653
2001-05-20,-6.101963950704032,-8.893224806923481,21.283586209653624,-8.991755745012107
2001-05-21,-6.849676987104035,-8.964356327369693,21.395054244546547,-9.069361498511592
2001-05-22,-6.582322118381419,-10.325239711939691,21.115913702292417,-9.490256908124502
2001-05-23,-6.573687867777268,-11.427162333730843,21.543721961523396,-8.381051981044745
2001-05-24,-5.941504974541318,-12.751762909493934,20.99021985947396,-8.38519428008565
2001-05-25,-5.977864809017714,-12.645621375208034,20.778558388702535,-8.691198867086753
2001-05-26,-5.995884354552645,-12.830491109692431,21.84651137807974,-10.463412281229155
2001-05-27,-8.134735156716301,-12.612975212711278,21.6170613904675,-8.539244666789074
2001-05-28,-7.488973524458001,-11.845463619125084,22.405062415126984,-10.140890282064916
2001-05-29,-8.342338847794021,-10.5022865714881,20.169283414408408,-11.495051376895209
2001-05-30,-9.201678009497844,-11.068940908723807,19.837282522481782,-11.374446961884201
2001-05-31,-8.222381551232342,-10.563824369265925,19.253616604073812,-12.231088221207054
2001-06-01,-9.517263412014579,-12.828664585007779,19.924445240687486,-11.353153758987803
2001-06-02,-9.6678424410125,-11.56946015207816,19.548351216860155,-10.794553414087021
2001-06-03,-10.77461889035629,-12.061798435406654,18.67466864681353,-10.329381819975788
2001-06-04,-11.585882479295636,-11.766699172907412,18.72974926167947,-9.492625865908755
2001-06-05,-12.215648937217265,-11.368466258327338,18.54978370145772,-7.134413374976087
2001-06-06,-13.425248387556653,-13.503945202432085,18.32920263704956,-5.856536025556824
2001-06-07,-14.441729308086154,-13.620029949819855,18.590079111799994,-5.698155462585686
2001-06-08,-13.950554703943572,-13.982433699133939,20.822831964465507,-3.8465310544734943
2001-06-09,-15.235424574288825,-13.97994869508063,20.836730120274158,-5.183582989590876
2001-06-10,-15.584071912543749,-12.887964955786991,22.0306438184083,-3.9114759826176466
2001-06-11,-15.18232024220815,-12.853285085694377,22.015580520519293,-4.205799308335191
2001-06-12,-14.98765938719252,-12.243014818621724,22.572068240821906,-4.2659335051811595
2001-06-13,-14.38282979918889,-11.809406913184633,22.682088347077777,-4.5767633140168105
2001-06-14,-14.888158240248163,-13.86256383645344,22.435713361205888,-5.669682235834816
2001-06-15,-14.82046855909542,-14.058052564614629,21.832765491350898,-4.584629247490075
2001-06-16,-13.654784940278688,-16.312197721552263,22.43850520700544,-3.700817979625106
2001-06-17,-12.926037264292864,-16.184952600185966,22.865223407511575,-3.159660443814883
2001-06-18,-12.390241914246053,-15.317918940798934,23.423664885613043,-1.47086218730104
2001-06-19,-13.889225563948655,-15.085490922418932,23.35929402718072,-1.887040390734216
2001-06-20,-11.57708574148306,-14.254476111142525,23.128731964147725,-0.710927981556023
2001-06-21,-9.394540468144918,-15.00837107705655,23.36501880049519,0.1891836625937351
2001-06-22,-8.271050959202299,-16.136255625569877,23.692785761194177,-1.0237767447483443
2001-06-23,-7.682758461002208,-15.794076048287199,24.483809018083182,-1.2793634353769996
2001-06-24,-8.951814407676324,-15.012603382827155,23.93749197823931,-1.7300067714683212
2001-06-25,-9.998497969516537,-13.853286389954258,24.1637948001887,-0.40835006626240644
2001-06-26,-10.972680534291582,-13.174844588473322,25.43088690546149,0.5294220012679886
2001-06-27,-11.473421429262308,-12.38220157019613,25.414375953927273,0.22944468690459124
2001-06-28,-9.3125128110756,-12.818390448853068,26.63604594716196,0.16284238165378112
2001-06-29,-8.507835106461721,-12.149889632236619,25.552044595807825,0.08783500826138689
2001-06-30,-7.766452916393863,-13.029654600525665,25.968949322230788,0.41378182336972896
2001-07-01,-7.6078070418072645,-12.210558041881455,24.884460498055123,1.2185088196270837
2001-07-02,-7.957389468551047,-11.700754809235498,23.941367909373376,0.9108305603512736
2001-07-03,-7.231680949066418,-10.10739986975874,23.309171975213385,0.943542133011892
2001-07-04,-6.5267444896674,-9.323280963932477,22.939406170542707,3.236407003272283
2001-07-05,-5.196884677479753,-8.52592402689921,23.82950998189073,4.393899873717359
2001-07-06,-3.5529911383630584,-7.664915403506587,23.880331752548127,3.999479094685486
2001-07-07,-4.013998739919336,-6.650143479834509,23.034804012073632,5.799928228039446
2001-07-08,-3.894819554152626,-6.565308826141409,21.653226275854756,6.426194547316312
2001-07-09,-3.418951107218365,-6.688748518184891,21.855984404769025,7.613148382264496
2001-07-10,-1.7751006008075956,-8.16825104433814,23.326278359599595,8.85359930752944
2001-07-11,-3.4805709002087797,-9.133805052876511,24.447482401656522,8.869409566359773
2001-07-12,-3.1128387753495783,-8.882015244115305,24.23159714812691,9.104158498587338
2001-07-13,-2.372887898863654,-8.00886940591216,24.80527372066655,8.984231825058991
2001-07-14,-2.5822077137597645,-8.394880777814144,23.772269624083773,7.340860810177276
2001-07-15,-3.6337512641311047,-7.79610707022259,24.761903181141097,7.673999038326952
2001-07-16,-3.1095440931623584,-7.016223379610646,23.560270807381162,8.110362523247545
2001-07-17,-3.205869601842214,-6.359081875759337,24.333565545196837,7.5008690357959305
2001-07-18,-2.8703455194932794,-5.887255978728625,23.295808198087368,7.120444704559689
2001-07-19,-1.6099347886971949,-6.357474299521394,23.574028795795822,6.742399377219311
2001-07-20,-2.485483885170342,-7.500617602539339,24.288165825946127,5.940006680233113
2001-07-21,-3.1920577737567752,-8.947371585566394,24.052369924992675,6.035207675918398
2001-07-22,-2.7471914901386745,-7.266312546622687,24.407180539751522,6.607202901707934
2001-07-23,-2.642769591385468,-8.080136961487188,24.739233508571647,6.603235723782739
2001-07-24,-2.153059888308085,-7.113393083424331,25.508516423696136,7.860653061176045
2001-07-25,-2.473540529408744,-6.4163644948264595,24.941746062546066,8.588523238112463
2001-07-26,-1.3551418297154387,-4.023960535657391,24.389437893375685,9.863695207012695
2001-07-27,-1.200057925554254,-1.8417334053999936,25.14327467638866,9.588377162843587
2001-07-28,-0.8647413063647309,-2.8458005803903896,25.56135576392783,10.678950817983758
2001-07-29,-1.3932163520830882,-2.350133754828937,25.29838863837015,11.18273495679587
2001-07-30,-1.154174990892548,-3.341340202141048,25.30762401326659,12.336730171387904
2001-07-31,-1.4282143750199052,-3.656317329167007,25.583234975355047,12.717600034148857
2001-08-01,-1.3190599709627782,-3.5221401151499223,27.316077242574522,12.161413326888956
2001-08-02,-1.9906887475801496,-2.775479389726957,27.124206844595598,13.849256084666187
2001-08-03,-0.7897293102961978,-3.042378543962522,28.017977674617494,12.777568501773656
2001-08-04,-0.6211371691414188,-1.5131630867906118,28.37250121229699,12.288961872414394
2001-08-05,-2.540048187121072,-2.3210825627118616,29.651144708699093,13.705126610765902
2001-08-06,-1.7061839445920794,-2.4222745424514276,28.627108709997163,12.686854191991108
2001-08-07,-1.6313792527173538,-1.7523152836567755,29.79518881922495,11.8347232734024
2001-08-08,-2.4439993677826104,-1.6543046684510991,29.12937047526605,13.266044899941873
2001-08-09,-2.322663684771481,-1.7799795250266477,30.36416051080058,13.960593011543644
2001-08-10,-1.4819649023240915,-1.0985241708359124,29.964008904090893,13.684314174956492
2001-08-11,-1.9056420441267923,-2.2658192764249936,30.528696184322335,13.697397369080685
2001-08-12,-2.3110164458607585,-2.618306274186405,30.59288601465401,14.146269674518917
2001-08-13,0.06769845529391505,-2.62198230770862,30.37340993004831,14.122711181763243
2001-08-14,-0.4353312997383312,-3.7503019843292953,31.11863296328783,16.075645737923484
2001-08-15,-0.971815607783669,-2.546575273514136,29.578937684124845,17.16279784100139
2001-08-16,-1.2669989002856372,-2.5393574587251444,28.04043997432504,18.99128885340962
2001-08-17,-0.539012976898656,-1.2103265952717668,28.977112821306307,18.351826162019396
2001-08-18,-0.4341040344358854,-1.0875105891821573,28.65360611845228,18.146927916788645
2001-08-19,-1.9519364531546564,-1.5967383306147092,30.693471353598696,18.088483076035054
2001-08-20,-3.0802930958872388,-4.243524203644004,30.693697288510172,18.390962695058636
2001-08-21,-4.005913130873453,-3.793941903369218,31.303669872683187,17.794858709624318
2001-08-22,-3.7961799800356166,-3.9289639938285825,32.4726345261483,18.289644294733005
2001-08-23,-5.2701412246937025,-4.484723724580421,32.659112675246995,18.861029970039272
2001-08-24,-6.734303735993591,-4.3616585181013425,32.799601038615435,19.822975679899876
2001-08-25,-6.2466656406257925,-2.2206025213294533,31.570361028374524,20.2743889464919
2001-08-26,-6.523647133750088,-1.863407653237099,32.42825763737606,20.64309894267316
2001-08-27,-6.3187932560244935,-3.9706732715973576,32.61683625425651,20.15793897518864
2001-08-28,-6.0603839027496615,-4.0883616744477225,32.05534301234626,22.4421167005303
2001-08-29,-6.459240708862725,-4.771095750809422,32.755018049202754,23.184762844443323
2001-08-30,-5.996108941385169,-3.09509544509304,33.32372218823433,22.63641213173248
2001-08-31,-5.397116319986701,-3.541454477147421,31.48755761519371,21.224033671713233
2001-09-01,-5.91584970282613,-4.419833689452379,30.775617814345292,21.276822662094276
2001-09-02,-5.931875577342371,-4.487042139780982,31.17032920649128,22.07967703457507
2001-09-03,-5.785013444815877,-5.151758104781636,30.512264721387158,21.42918333261773
2001-09-04,-7.669334772073755,-5.0386538013419235,29.6572078942682,21.58161776569114
2001-09-05,-7.836275535362358,-4.050200346783875,27.958340307732545,21.11525920652568
2001-09-06,-6.698912811937827,-4.7531676998003505,27.867412289298866,20.62792785225444
2001-09-07,-6.37357482114328,-4.300936979139937,28.84999746137504,21.053332399373048
2001-09-08,-6.401451344921066,-4.1622491505779635,28.798050510812416,22.13448132703421
2001-09-09,-5.442677717879338,-4.009051872858452,28.3615241116961,24.71981561286908
2001-09-10,-2.939213079523114,-3.506846914647936,27.08152277401153,23.9327630373134
2001-09-11,-4.243919266375144,-3.4244733205149847,26.356705281060957,23.515408728672927
2001-09-12,-3.7416933147872173,-4.423898870386884,27.039165724678927,22.790653602438173
2001-09-13,-3.450649075394437,-3.8679039618081608,27.88720916303982,21.348811956530383
2001-09-14,-2.881999221640016,-3.8080435607577043,28.826418312702447,21.590225744919948
2001-09-15,-5.124686776033771,-3.070764628806025,28.661611973984492,22.948737482607182
2001-09-16,-6.092493275753538,-2.068185568776924,28.826456336144723,22.6525572389222
2001-09-17,-4.947700969564346,-0.8939881170452559,27.098336136171543,22.705036271521557
2001-09-18,-5.31082732378248,-1.7107117363644782,27.060446125818768,21.52407884319877
2001-09-19,-5.202764783948316,-2.016010999342726,27.07224539287505,21.89779857431422
2001-09-20,-6.772586581712444,-1.6040740517646281,28.435127445523246,22.699508275475537
2001-09-21,-6.595643436795896,-2.525022421280135,28.686697669940507,21.58853279241469
2001-09-22,-5.5816551187675785,-4.116061252141412,29.303385421721547,21.386525041726568
2001-09-23,-5.7824592088581905,-3.975554736752325,28.902087017345345,20.750280136548948
2001-09-24,-4.595226711364255,-4.921326794488699,28.793961584334223,21.74555099895799
2001-09-25,-5.460545885003309,-3.8266585275272296,28.671947361742323,22.23359341194587
2001-09-26,-6.512957402495297,-3.7028700893210664,27.502109499248583,22.605639211618996
2001-09-27,-6.171527331931129,-3.2247452603956512,27.998668342150037,21.91986792262027
2001-09-28,-6.634015442650602,-2.7700029599090135,28.11019323185397,19.275219883798528
2001-09-29,-6.595211999515645,-3.5193331805088954,28.78725444266575,18.176421046895793
2001-09-30,-6.3055663662269605,-2.784893034945973,27.521135341607657,17.31138219183031
2001-10-01,-7.001150276499317,-2.3355615070123474,26.185866850731983,15.85519014795296
2001-10-02,-7.235474835290773,-1.0203778895203723,26.163302912008994,17.350544554386456
2001-10-03,-9.2858796731941,-1.5381489904228736,25.58593073509146,17.969618008418472
2001-10-04,-9.715439441869538,-1.5540048532243702,25.82762550791008,19.094680022076666
2001-10-05,-9.53329877117984,-1.7302851321876125,27.524617309443588,20.161052079061502
2001-10-06,-9.40441696443912,-2.7041397768223896,27.404973208299175,20.2861554902955
2001-10-07,-9.308681675398864,-1.979904028526379,26.527400334786588,20.871400004513298
2001-10-08,-11.09102335071702,-0.5974160778396294,26.5005338712641,19.86060643638509
2001-10-09,-11.105921903898784,-1.750478818143813,25.72002993462397,20.05284909792449
2001-10-10,-10.82532477892676,-1.5758951201345968,26.17757283116706,21.25632750344961
2001-10-11,-10.515797592440473,-1.2013057347431124,28.211198736236096,22.672048685428695
2001-10-12,-11.528569840195546,-1.5941759845390613,28.41931415811694,19.3845265574587
2001-10-13,-11.315373575796757,-0.31826502956846436,28.503978852687695,18.288676062757602
2001-10-14,-11.327693656414182,0.7069969277698183,28.380829887837596,15.981782837399816
2001-10-15,-10.616059491437884,0.40616155492745637,28.329920935251295,15.241300669313132
2001-10-16,-8.977645969453931,0.7973163907501791,29.198937043593222,15.642178931924871
2001-10-17,-8.566319308743555,0.8173619106386257,27.567387278744377,15.622553598932106
2001-10-18,-8.14225648899937,0.798403965369471,27.895359933334085,15.378866668397457
2001-10-19,-8.914294527915564,0.726436086074047,26.027936160397736,14.641207707348
2001-10-20,-10.956948066702,-0.1328259115381597,25.474089466720866,14.050426162560738
2001-10-21,-10.206651849622292,-0.4901133646555207,25.118284556366195,14.739757042687708
2001-10-22,-9.157533512256832,-1.4598004133421936,26.312090613341642,14.879500688316254
2001-10-23,-8.22910762945852,-0.7582628374435886,26.468001942568254,14.182649687837042
2001-10-24,-7.964489102767404,-0.963527699193838,27.455842958442837,14.84527333765702
2001-10-25,-6.525300639203574,-0.040144286403459906,27.05543057380227,15.118816878323784
2001-10-26,-7.478469072825562,1.5204844121533112,27.70086483475656,15.996368666220208
2001-10-27,-6.069209253562009,3.3355914809281595,27.828888579895818,16.81546366458518
2001-10-28,-5.39431094376925,3.5873555882901553,26.542003451001438,15.191054305239085
2001-10-29,-7.3747480314919125,2.62362149301472,25.471355372868093,14.667988231891893
2001-10-30,-6.340001272248714,2.4643775054552073,25.93470609858825,16.850448711322475
2001-10-31,-5.146214596092326,2.488042513452912,25.953409744523473,18.349437117238672
2001-11-01,-5.497949014729658,4.172903358478944,25.91317102611224,17.26826667522262
2001-11-02,-4.352894724658053,2.795644160189328,24.736004672392134,16.065780142177612
2001-11-03,-2.7487356523390725,3.0373762887046536,24.154297379542694,16.286993076811505
2001-11-04,-5.396417385419786,0.2667778301600152,23.5934618116547,15.479707520414204
2001-11-05,-6.210701088737787,1.327260482054907,24.876046583186792,15.77599793318022
2001-11-06,-6.8797482203794145,2.2777052323528477,25.480676045488053,16.053842150807885
2001-11-07,-6.595595611930244,4.445859025344481,25.330071049349662,17.103635374379138
2001-11-08,-7.893034962651394,3.839292060673771,23.768125205314984,18.07555758380151
2001-11-09,-8.342194870560064,3.763430469269385,22.925093083807127,16.94990943769492
2001-11-10,-8.341094358782746,4.512933086412128,23.54289175022143,16.4138550212953
2001-11-11,-8.472412030681035,4.581447171167148,23.645691080863063,15.963112206467073
2001-11-12,-8.598042213410691,4.6940609216276,24.127733438402235,16.697809416253573
2001-11-13,-7.971518070762668,4.175827157860777,23.79198984522715,16.95454445941089
2001-11-14,-7.037566337466082,5.543942429104745,24.020837189975076,16.269504252166353
2001-11-15,-7.144415018886116,4.7615048334319585,22.876936892606736,16.666813786208373
2001-11-16,-6.821211328399298,2.7937184239575723,23.787878623179356,16.593428454226256
2001-11-17,-7.856899141883228,1.96057057729231,23.90871625864148,17.01647363419945
2001-11-18,-10.61577623152771,0.967906558896902,23.318716334839493,17.653735953461247
2001-11-19,-11.488574517317332,2.060375927776235,21.9235265300112,16.459473785141636
2001-11-20,-11.136231410860312,2.1819374078288427,21.48339892463088,15.816201472669965
2001-11-21,-11.870901062990958,1.6224231670172338,21.36613082243205,14.930227362862018
2001-11-22,-10.293665504739655,0.021271680358373457,20.13719438462407,12.73008896477326
2001-11-23,-9.514239712203757,-0.1151016776150901,19.514324863337126,12.927902573086069
2001-11-24,-9.715334896458616,1.3273223759347124,19.230240958359936,13.46669368598642
2001-11-25,-9.397467512476956,2.5792684918886684,20.0043353936723,13.27698109909635
2001-11-26,-9.199702742691084,3.116074115443184,19.18915330610079,12.287624797478422
2001-11-27,-9.258674080582084,2.0013021199701795,19.32940963066217,12.28606403614422
2001-11-28,-9.093941521065936,1.6038190510098584,20.202272225347894,11.23995610820404
2001-11-29,-10.59164232127544,4.494304115211902,20.904416528185045,11.768262372397254
2001-11-30,-11.341004374594599,4.16077788103921,21.31711042436349,11.962943286111365
2001-12-01,-13.583819001124567,5.629027390133354,21.70871272597361,12.26707318186919
2001-12-02,-13.879801629618328,5.914777989816129,24.026151459165856,12.255133076423345
2001-12-03,-13.225770174025616,7.296094981523496,24.5797288233939,13.642882555605604
2001-12-04,-11.710113038571162,5.092358461001599,25.278276839715403,14.733220410321655
2001-12-05,-12.60326713951408,6.611318060587044,24.292021506813693,13.712508498541817
2001-12-06,-12.723061726140857,5.439231863926642,23.12441166961637,13.222528991129979
2001-12-07,-12.963285446683402,4.312205981362892,22.352279095479414,13.903352566801342
2001-12-08,-12.185144822344286,4.064992775012878,21.358342217349556,16.01866773454019
2001-12-09,-11.95967770694989,4.159974466457848,21.578955839472204,17.137918906345902
2001-12-10,-11.545454403354626,6.952327294583064,23.1028494381185,16.715605026917544
2001-12-11,-12.909956208601644,5.805486245351064,21.138934340544424,14.899418071018497
2001-12-12,-14.542463434206727,5.716978906878649,21.82253865629605,15.550631371568825
2001-12-13,-16.001259039198438,5.0442215827341315,22.115142204199003,17.16612268206213
2001-12-14,-16.861133105851007,4.024307730488762,22.83538620486395,17.46888302407491
2001-12-15,-15.260887583719288,3.939372505999926,21.15664547106635,16.067199019888783
2001-12-16,-15.647213272600393,4.2843209330065815,21.42256471836325,16.283739643991733
2001-12-17,-15.545792751427578,4.417875259854196,19.79372223842756,16.817438446422962
2001-12-18,-13.372826244804768,2.4913887889760398,19.5007703384082,17.97190119683437
2001-12-19,-14.594981713270382,3.4157176978321218,19.740362108975873,16.558133339659545
2001-12-20,-15.596283464609131,2.5493343005109823,18.474513662625768,16.537312115582008
2001-12-21,-16.462533879698906,2.8239134845075737,17.058590810268235,17.87115834301416
2001-12-22,-17.12879696136517,3.03163403488119,18.684924826846352,18.741733361399184
2001-12-23,-15.566506650249355,4.417215601314393,18.57501273433552,19.008161376345416
2001-12-24,-16.114756498408184,3.590968931732218,19.123485047593704,19.114692380962122
2001-12-25,-15.081871134816279,4.171683080554995,18.483168066557514,19.6456904384333
2001-12-26,-14.901960630461636,5.3097046834925,17.244563680382498,20.956717881114496
2001-12-27,-13.857662960833721,5.538814490765223,18.76781488532594,22.202410456500957
2001-12-28,-12.954826619176943,7.715114717312876,18.44332693771558,21.902280958672584
2001-12-29,-13.07907055204334,8.278625647507106,19.245563753821955,23.78909733972811
2001-12-30,-12.25947785167449,7.767708408118716,20.04864109516874,23.761309903578173
2001-12-31,-11.744236773114975,7.5322226685075915,20.36553778991658,23.54238360726046
2002-01-01,-13.540116463538878,7.169670381638602,20.052270663501737,22.9246713227896
2002-01-02,-16.51574939583007,7.586976591734973,20.790586211996505,22.341674028691646
2002-01-03,-17.194473689009556,6.834064512454675,21.211944555755917,23.674288365243257
2002-01-04,-15.993336107646526,6.364674453681582,21.16309980418398,22.306475205227038
2002-01-05,-14.83018261758739,5.464805890061396,21.02793741699219,20.981532417630536
2002-01-06,-16.299358072383498,4.843151939330817,21.501556902050066,20.3121870335775
2002-01-07,-17.920496224541132,3.0086138777284726,22.343777704747176,21.655567177895392
2002-01-08,-18.81074742459856,2.914884527890628,23.229704929354853,24.97493002799577
2002-01-09,-18.071754276777487,2.3962544021661856,22.329395618984936,25.204429111897362
2002-01-10,-16.70791427822963,1.6308488178874927,23.127925895768687,23.549515657312863
2002-01-11,-16.335788709397328,0.7146400763037819,23.64150063529281,24.178842980616913
2002-01-12,-15.118827916180019,1.412501791164572,22.191108406780675,25.762891671061567
2002-01-13,-16.377970010585827,1.2685644008986325,22.950596554798086,24.6309296812063
2002-01-14,-16.97385293357397,-0.41861118787808405,21.86170830979394,24.119124277588373
2002-01-15,-15.589259794217615,-0.8603394192130143,21.269746926143604,24.275015022713045
2002-01-16,-16.09679159489914,-3.1014721469678252,21.263729910237046,24.978202207656807
2002-01-17,-17.947427198255447,-2.56694760480089,19.694436085333926,24.207454440201523
2002-01-18,-17.000249514788706,-3.02087708960231,20.907461952185013,25.700798714988693
2002-01-19,-17.1993237968477,-2.683835974261391,20.1499968676408,26.34090272178187
2002-01-20,-19.325793710881722,-2.6136917954148324,19.860549649420765,27.415890136504316
2002-01-21,-21.03394966087732,-1.9721717639235523,18.659464019772358,28.61817996702098
2002-01-22,-21.41717649793426,-2.0049419362802596,19.32844198625358,27.061513015361474
2002-01-23,-22.09433186683533,-2.323121744188245,18.34593325434539,28.432604462598274
2002-01-24,-20.89938571865238,0.10674043735672045,18.74079580786564,27.84147626029375
2002-01-25,-19.926323935139376,0.1427040405127881,17.16300963995382,26.866976621227742
2002-01-26,-18.844177754926598,0.00873751102685158,16.918037610358393,28.04876779222201
2002-01-27,-18.191023021573788,0.20329815433855983,16.386572260358967,27.01410151375939
2002-01-28,-17.629847414476956,-0.1293049212258605,16.18096449137907,27.22936794073462
2002-01-29,-14.933695498602036,1.3705006138380054,17.9760247858378,25.48001635716544
2002-01-30,-16.6797270602354,0.3909382070813582,19.305626273685373,23.55692839078867
2002-01-31,-15.145555414809653,0.052444645854616334,18.12351968903384,23.207376442943108
2002-02-01,-15.51542101743925,-0.2852808943366506,17.417637851610383,22.04437129218968
2002-02-02,-15.955826317856197,-0.6229285606435697,16.076278860050934,20.713700360851238
2002-02-03,-15.50458520121697,-0.12473761860524907,18.81917505698647,22.073746369252024
2002-02-04,-18.283138958386377,-1.252783257123781,18.766196185844688,21.956013878913843
2002-02-05,-19.50161061601458,-1.7132089428758606,17.621711819010777,23.502199396295186
2002-02-06,-18.126638213342346,-0.39653651275511126,18.646078470949373,22.137547738881647
2002-02-07,-17.84465989412005,-1.4061007116944497,20.678578927421345,21.851262678885334
2002-02-08,-17.39237310935736,-3.5152702609454005,17.92526479323249,22.28599962289874
2002-02-09,-17.872483642299823,-3.4909628781740185,17.62170293575401,21.45363894072493
2002-02-10,-18.38918017224833,-2.338855198448003,17.991055269244708,20.79238435659792
2002-02-11,-18.922651968473744,-2.377955246874455,17.719685642587024,21.14096580839207
2002-02-12,-18.97171683688776,-2.301784732106813,19.046188582586513,19.996810867603898
2002-02-13,-20.279491222610556,-2.2114507530103276,19.26319184866414,20.427364368587313
2002-02-14,-19.44270796446529,-4.0895820288900975,18.42123575670288,21.902866011430863
2002-02-15,-19.613560062948434,-2.40541742417357,18.769529800087422,21.743831325051854
2002-02-16,-19.395836281701996,-2.297167814373644,18.986518055206137,21.57213468913614
2002-02-17,-17.447357256936876,-1.3788416525951108,19.083909426067695,22.50421262474512
2002-02-18,-16.80518444581433,-2.04204620726403,18.662288721134836,22.433180417393928
2002-02-19,-17.18263465092363,-1.472435511430227,18.572944289129794,23.58913368222649
2002-02-20,-17.030106978554194,1.5256680422354343,18.647824322758964,23.263942114905472
2002-02-21,-18.03431109506759,2.0823094596935627,19.443795285394543,22.12583647129645
2002-02-22,-18.64312668387672,2.062771150216746,19.36052968700719,21.762810167316772
2002-02-23,-16.436121364737737,1.2521513088806235,19.444993828254884,22.232338791375877
2002-02-24,-17.101181106591458,2.291215599948403,19.54786961664565,21.36803559906744
2002-02-25,-17.7143196805303,1.4394482036528737,18.586625037259473,21.153495588075195
2002-02-26,-17.307442437509476,0.17502437859236375,18.604099662916248,21.25029271249609
2002-02-27,-18.360919541400836,-0.5412783188284368,16.98742234046122,21.522286641954935
2002-02-28,-18.98488253818116,0.49602397179422486,16.69192291950288,21.624839092257428
2002-03-01,-20.319528583989246,-0.220915292342716,16.672238325279324,21.03439173287662
2002-03-02,-19.260091442870657,-0.8279031698935482,17.981444120165524,20.56716080111782
2002-03-03,-20.774468414607664,-0.9568848811624628,17.331343578076837,20.692240611357434
2002-03-04,-20.93093762640048,-1.2753222136305349,19.768155594701458,21.92215162988691
2002-03-05,-20.387314236185155,-1.0072824158564497,19.923376330761236,21.63331039758078
2002-03-06,-19.618570055906385,-1.7107873536997888,21.09052862933511,21.071797200089655
2002-03-07,-21.1825694912986,-0.9572268649072166,18.037420606639536,22.085552534866366
2002-03-08,-21.296162610567475,-1.7428955754084225,17.849762586375558,21.68050136239958
2002-03-09,-20.504846007828778,-1.9909185561947538,17.843802755460377,23.377180910686793
2002-03-10,-21.957360244438576,-2.8955094714521787,18.308137202612055,23.886967186858772
2002-03-11,-21.243409695478867,-3.4399190724541375,17.53784765953003,22.438816704216443
2002-03-12,-20.586834112811097,-3.2219655116398513,18.572578358614773,21.487584362008516
2002-03-13,-20.885986736577227,-1.761756687286229,17.140682080186423,20.865470778081573
2002-03-14,-21.140362914091114,-1.3765424366484402,20.038695788155408,19.662767658249347
2002-03-15,-20.38923239493726,-1.0334660248633267,19.684989114092485,20.638842547773827
2002-03-16,-19.78348072287029,-1.2342658595318075,19.87267186937855,20.102823291475012
2002-03-17,-18.978184880984298,-0.5870208623333641,18.397138588525557,19.271981807843616
2002-03-18,-20.796168897947116,-0.3234404285417321,18.344801002011526,18.902922578735378
2002-03-19,-19.832043208008514,0.27720332788996266,18.544061401199496,18.84335988837555
2002-03-20,-18.259850930368554,1.4317494391225756,19.120317760463955,19.677924947814837
2002-03-21,-18.804438226953113,1.9505448683296511,17.892303213117813,19.04677376459285
2002-03-22,-20.798808399588395,1.6832597743802469,17.703148567960685,17.474909803455976
2002-03-23,-23.31201934082532,3.367142414237863,17.97388176973064,15.690897500374717
2002-03-24,-24.93051850746327,3.8941518475038595,18.010413190712136,15.698254604338823
2002-03-25,-26.135227711273448,4.556519787745355,17.811176638250718,14.976169580671066
2002-03-26,-25.086650992711824,4.926643474845106,17.43163823307733,14.703197846535948
2002-03-27,-26.284889272148042,4.047820087561117,17.935356868491176,13.95329215966308
2002-03-28,-26.04230463005388,4.048141822941185,17.209742440305188,14.644604763191776
2002-03-29,-26.30457514911011,2.8466602434629706,18.61016552876502,16.091530017791925
2002-03-30,-27.461192526535093,2.358696534256434,19.40410350794634,15.415474744356043
2002-03-31,-29.1984894363749,2.4792364979274195,19.157239851603645,15.664985106862936
2002-04-01,-31.958103432944956,1.7710219281454833,19.80470543639128,16.333672219555055
2002-04-02,-32.04846627133601,1.4305422143989395,20.226846308272805,17.744033089127818
2002-04-03,-31.61087187184135,0.7192035665032214,20.489996974859604,17.91945845894992
2002-04-04,-32.58030073817664,1.1915796736395625,18.58238759396215,17.018865686817367
2002-04-05,-31.70797658077511,1.1135170311986935,17.89006537808244,16.562609432634268
2002-04-06,-33.24621050725348,0.6193143856627887,19.679172098029117,16.512213721540885
2002-04-07,-33.08829127086993,0.871778080357873,20.67741443877383,15.866142041175738
2002-04-08,-33.359746863787954,0.4822852583501086,19.447603297865715,15.652917645259752
2002-04-09,-32.59271967738743,2.602526374301361,18.490671246866867,16.95535073356058
2002-04-10,-32.683009224294636,3.4532443064955274,17.75787492361471,18.56076831773535
2002-04-11,-32.421140385722445,3.6860270366008643,16.562414394618763,19.240615143102872
2002-04-12,-30.692769757887035,1.5195402524079773,15.251816255051374,19.43612167551644
2002-04-13,-29.169540308732177,2.78805964184935,16.745435394309727,19.51199396490788
2002-04-14,-29.45206832964754,1.6353700953982155,14.94913343790512,20.002539179271874
2002-04-15,-29.32422505600889,2.6930677578744993,13.729135845196193,20.42348185259892
2002-04-16,-28.88912939723714,3.8712833249100806,13.563756505891465,19.35621590759701
2002-04-17,-27.438821288744915,4.232477548285338,13.727978655176509,19.01004103802217
2002-04-18,-26.60892615746362,4.865609286057173,13.82388347467437,19.76518278507294
2002-04-19,-27.288206113899857,5.904802487275096,12.752302505360149,19.906523783050368
2002-04-20,-27.22888163937118,6.305613281422227,12.043889593347036,19.899454345241683
2002-04-21,-27.743359981992903,5.943564674776902,13.963103427527148,20.095966251685425
2002-04-22,-27.67202190769168,5.551604930676787,12.29480374891208,19.961990844291314
2002-04-23,-26.38230212905046,7.709356512220806,12.28133204325174,18.52762335275948
2002-04-24,-25.522805437941734,7.494821924007013,14.014875591421251,16.49455905915913
2002-04-25,-25.8809943295363,7.414567126947737,14.211483927877051,17.503120296960592
2002-04-26,-27.81951988070696,6.9741506651081835,13.781802872929287,17.266265450353828
2002-04-27,-26.84817664837181,7.805849929825372,14.912605378802578,16.487105650655042
2002-04-28,-28.067138294820257,7.887629430669758,14.447536063576866,15.446350341074035
2002-04-29,-29.078928710108517,5.7043253927390865,15.172420346535933,16.859916580181743
2002-04-30,-30.085338597287866,7.076674804605499,15.776063042542999,17.721167202103747
2002-05-01,-29.145409813321773,7.908013074824443,13.925661088592285,17.09037467124549
2002-05-02,-27.693496305556213,8.213598097453708,15.169534436821689,17.028816527584215
2002-05-03,-29.147027671934257,7.671247065826447,13.923510316206425,18.731650256036936
2002-05-04,-30.38684117390165,8.661056213543233,13.788348825782322,19.185955989233427
2002-05-05,-29.02227568157076,9.518966447375576,14.724814277721219,18.603810222227096
2002-05-06,-29.353239472372543,11.197074798149401,12.657548487468047,17.716062490805957
2002-05-07,-30.425625198281477,12.218907728252278,12.678176023640608,18.199846335815884
2002-05-08,-30.33564319062985,12.449972211256581,12.563896883031202,18.79100731985453
2002-05-09,-32.24423890316244,11.096947731734392,11.251545803088002,17.91337036553835
2002-05-10,-32.92229973694117,12.605347499987717,11.012313878102617,19.30418193583648
2002-05-11,-34.75614324547128,13.877228652572699,9.87917423211453,18.597749386680466
2002-05-12,-34.34431029315358,12.592465977442409,8.080044991078196,18.2087785634405
2002-05-13,-34.48838129852941,12.185700674081584,9.268628301592472,19.141702832239243
2002-05-14,-33.26833286875558,10.847079974894868,10.68369430631083,19.167233064067055
2002-05-15,-32.80557304115631,8.43125739377501,10.877183116035757,19.310372749682934
2002-05-16,-33.100949322218085,9.79461259353764,8.759678734759678,19.461692939597192
2002-05-17,-31.496482493677412,9.298628760834928,8.03281597109094,18.84876021067745
2002-05-18,-31.49594336676987,9.682270769779478,6.773869036583308,19.808077046076985
2002-05-19,-31.98502218348864,10.36879072713743,6.630264571929503,20.719100364790464
2002-05-20,-33.691597759036185,11.22495478982692,5.7377185187991655,21.181569686717893
2002-05-21,-34.83129990829254,8.898571949016894,6.265051778349422,20.68733330999418
2002-05-22,-33.84799043077429,9.021572556406584,5.441789248496683,22.28371559590485
2002-05-23,-32.47929616067327,8.439052625329854,4.943456576117461,23.255614734159426
2002-05-24,-33.34357948212629,8.753553732371719,5.143364768750916,24.283794701678694
2002-05-25,-34.343131632715306,9.08789564793019,6.13351116418727,24.529231057383996
2002-05-26,-34.67302443998128,9.937162075123448,5.834663524349983,24.347154796346288
2002-05-27,-33.129818724855994,9.54100439268224,5.467823837365244,22.76689902683918
2002-05-28,-33.51074255991437,10.47617922315784,7.061792309084184,21.528434136913237
2002-05-29,-31.97772700553147,11.411970832604784,7.386178013230576,21.711945082132583
2002-05-30,-31.107157797365186,11.588351024712335,6.3442810241446015,22.708432039436005
2002-05-31,-29.365080240040612,11.418250935430214,6.047561033625119,22.773149010286065
2002-06-01,-29.995315436801164,12.540778260756813,5.513415125979803,22.59304825249053
2002-06-02,-30.01296461384105,11.963646011025098,6.701971448524931,22.752964022578926
2002-06-03,-28.95793379429838,12.530221967386309,5.735868682131843,23.21579243859408
2002-06-04,-27.72910945492827,13.282608824175934,5.441437912482546,22.161827100719698
2002-06-05,-30.04631994804905,15.293396554731073,4.245918349405951,22.151614282219867
2002-06-06,-32.383970911235004,15.037159135636305,2.994286342997369,21.7745673333328
2002-06-07,-35.952314558973086,13.649998038708281,2.2015072170020193,21.78227989051349
2002-06-08,-36.94080958867444,12.10365902582922,2.0617228687628413,21.464735860360744
2002-06-09,-36.92275095603995,11.623569219481633,3.6056148603828024,21.88013550548133
2002-06-10,-36.822828279409045,11.050737089858858,4.863135861732257,24.20920603910978
2002-06-11,-36.574258293831726,10.953206457618931,4.934793601357474,22.6795771177768
2002-06-12,-36.98900826317783,11.654942133241372,7.454547664181591,24.697184324841736
2002-06-13,-37.35951766182928,13.022925317486155,8.158774411071846,23.206033352982036
2002-06-14,-37.510802098973016,13.492325278327034,9.225216061010947,23.444426055997468
2002-06-15,-36.734033614201365,14.126760137480174,8.970056519855605,21.718257241148905
2002-06-16,-36.75248272144366,13.12861599177682,10.589820606576593,20.88376507969322
2002-06-17,-36.803702603205025,13.967757911714386,9.20082416265391,19.69208924975666
2002-06-18,-35.85278646157885,15.066729574347036,9.755856878196935,20.581125164926842
2002-06-19,-35.59670268886924,15.096538654990878,10.8377851723997,21.735108557358156
2002-06-20,-34.80890080427776,15.487869990340407,10.45097882044645,22.18125712609777
2002-06-21,-35.48262019034417,16.221909649476196,9.732497133404637,21.788886727039475
2002-06-22,-35.848867346757835,15.310851410937437,8.91932614840798,24.15401665320727
2002-06-23,-35.92154393426317,13.923567710770072,9.125460883346578,25.9348031167764
2002-06-24,-36.26053631114139,15.288303539893445,8.36151770441714,24.838774535942235
2002-06-25,-34.78912427691333,13.214640729475995,8.134512305945032,25.048163188161038
2002-06-26,-33.300728446078274,11.543348851409489,7.383323017711298,25.018531344460907
2002-06-27,-33.270051763391535,12.62717727681995,8.547534963531632,24.523221124148353
2002-06-28,-33.46690430256131,13.20838774194181,7.909429759705962,24.570870402660837
2002-06-29,-33.22520981747403,14.267050899814139,8.499106033021118,25.94492139943365
2002-06-30,-32.99439300307167,14.017478659984913,8.34090311265352,26.462155944461927
2002-07-01,-31.383440550500275,13.144230300374266,7.482945593084128,26.535090180402076
2002-07-02,-31.07514732508547,12.409123863127657,7.509635486871485,27.42279738747617
2002-07-03,-30.554198525203844,12.537358926822542,6.9522550546516975,27.93800824435779
2002-07-04,-30.7406052602003,12.572849170888462,9.030233805911807,28.4164435909957
2002-07-05,-32.29379319348159,12.359801770325875,10.396614804535334,29.02791574185897
2002-07-06,-32.97249626781928,12.631725693688615,10.189711046334736,28.61268210029354
2002-07-07,-34.55307744080022,13.059100779902124,9.773429431060329,28.637926105172596
2002-07-08,-33.525081460332416,13.44073092744037,10.70255839334274,28.413298806288605
2002-07-09,-33.35628632537997,13.442833635096989,9.736679413893444,28.746163179656993
2002-07-10,-33.95340112930024,14.630890613567784,8.709546694606768,29.380817205984787
2002-07-11,-32.810118753933274,14.474265523286517,6.480744745958811,28.95674278228987
2002-07-12,-33.337313177404475,15.798501685282849,4.853895292800496,30.327589887331797
2002-07-13,-32.48300444708678,16.38493149042612,3.9872362729220105,32.05961612770485
2002-07-14,-32.80295902474885,17.58608877630187,5.075621106818696,31.16061096075197
2002-07-15,-33.75481629491748,18.529196167271575,5.751036171708545,29.594811165363726
2002-07-16,-33.65535529109212,16.088826727573547,5.586165622641062,31.267603746658825
2002-07-17,-33.90537455595887,15.141176522145281,6.575001939711161,31.60510375185247
2002-07-18,-33.38865351461496,15.082384194714933,6.927757074214593,31.665719313473115
2002-07-19,-32.94935217753393,15.841423256454075,6.204588643005964,32.00174797805892
2002-07-20,-34.12089566327426,15.254398349389692,5.796278525789986,33.00959037344087
2002-07-21,-35.48871314742352,15.97812799916212,5.590434679518501,32.74197221845396
2002-07-22,-34.79584316451126,17.14134860937527,6.2932038028748725,33.116880918397335
2002-07-23,-35.29809768536438,18.365954271570274,6.450057727412475,33.10979685267653
2002-07-24,-35.64401427414749,19.257271481103505,4.8884067835926555,32.405451463386676
2002-07-25,-35.05587226106227,20.629274324692382,4.8292881446213975,31.016904687149967
2002-07-26,-33.79025536436518,19.837369973245682,7.443754017781637,31.146461552358964
2002-07-27,-33.83495325194178,21.82192542068059,7.402356321482266,31.69459672222314
2002-07-28,-32.87093426235163,21.670524671189806,8.507557510943721,31.563050878249456
2002-07-29,-33.795058821665215,21.880228216838052,7.486396959174174,32.38800331382973
2002-07-30,-33.946690558222365,22.3470924463562,6.355232173214335,35.23813185112652
2002-07-31,-35.08488487702967,22.069824678785544,7.323188923152582,36.43466532699155
2002-08-01,-35.807810540061055,20.64210305326864,6.271940154991933,36.740625884558064
2002-08-02,-35.38400761410222,21.226150233679032,6.124588809485808,37.306109528474295
2002-08-03,-35.74775979013045,21.0421014404311,4.272953787688331,36.874511091971684
2002-08-04,-37.33937273333578,20.729235730804543,3.554249470829972,37.73618596692573
2002-08-05,-37.911814116383276,19.68098285493398,2.792227116180091,37.704474879205094
2002-08-06,-37.7051089543479,19.317912113394936,3.898196566257805,38.16345731683636
2002-08-07,-36.8154356737478,19.72985139099083,6.076031005349124,37.71305849452637
2002-08-08,-36.80483145643096,17.602800002475753,6.82973855049249,39.06136971113513
2002-08-09,-37.22522218886547,17.46893967432064,6.180597605534243,39.83840496682193
2002-08-10,-37.978599721455836,17.250316419176666,6.447379692260801,40.52007561102484
2002-08-11,-37.7529407962674,17.64626965316809,7.074570805942677,40.83426668772793
2002-08-12,-36.11043996715092,18.108317627764507,6.664316332780768,39.62901204364927
2002-08-13,-36.60352309155161,18.61347348457456,7.302860117511491,41.689672262163825
2002-08-14,-37.33562708444604,17.634950227739726,7.943379605116584,42.56032744864842
2002-08-15,-37.87693506551794,17.52804888230681,7.463253669753998,41.07204937281384
2002-08-16,-37.34928916542373,19.255939772253765,7.171548213255499,42.3811139928156
2002-08-17,-35.67495971328244,19.56172472955943,6.949383467850599,42.758088327528235
2002-08-18,-36.0077276019052,18.49387988392504,6.921568770783702,43.60596584065673
2002-08-19,-36.873877319706516,20.77490123684121,6.254413688750639,43.60883819863171
2002-08-20,-39.180399035933064,21.87716331894542,5.398852737557693,44.006003644338136
2002-08-21,-38.85939942931272,23.70622541095838,5.881151185083505,44.87190008347387
2002-08-22,-40.215636194952545,23.14510040625416,5.97153615498104,44.322555635543054
2002-08-23,-39.99308123979765,24.54752797007633,7.339929742398058,44.351760027877674
2002-08-24,-40.50931770634814,24.651973873521502,7.0175192941537485,43.44819332304477
2002-08-25,-41.050741589308515,24.133464116225696,6.738808370811291,42.64460816816134
2002-08-26,-43.12474426124557,25.06464844379381,7.740429028650777,43.26469887756813
2002-08-27,-42.94127183975005,24.69692574120102,6.791858634184592,43.91585036653625
2002-08-28,-43.358955790159214,23.41581620969738,7.495808504862156,42.6280914575149
2002-08-29,-44.68336885682559,23.4558884049632,6.901173831653766,43.49995421123673
2002-08-30,-44.95724910260098,24.898514886521745,6.421112993346312,42.912811348521245
2002-08-31,-44.150205456426384,24.129508934647703,6.7062979292260785,43.64055072717431
2002-09-01,-46.1361105297865,24.246892396760586,8.863391785855594,43.94258141244861
2002-09-02,-46.375872739129555,25.99215537100771,7.211605221042802,42.302009371607035
2002-09-03,-47.473340369347646,26.56744379357571,6.182291149072021,41.72804088936019
2002-09-04,-46.331499497949785,28.666398419981686,7.418224949311428,41.98597326284266
2002-09-05,-47.205670457093625,29.885285008697984,6.931872712622442,40.70364912095596
2002-09-06,-47.26668619342463,29.853984215341185,8.016410595834891,39.08017841083831
2002-09-07,-46.473111843408525,32.10888376118919,6.491262238138299,39.06162900739157
2002-09-08,-44.597136857470204,33.07968429282809,6.103224594148469,38.51987655596343
2002-09-09,-43.84979716582592,31.662418011308215,5.882086066510142,39.740452553201635
2002-09-10,-44.378916622254636,33.96495298887335,6.001741951548579,38.134152177245525
2002-09-11,-44.040080008006306,32.652972392895244,5.193153395136935,39.51910453151724
2002-09-12,-43.771107146575694,33.106384493409784,5.38501336486488,37.662461659943425
2002-09-13,-44.61341938168993,32.38025995089337,6.213617737261373,38.38801878687099
2002-09-14,-44.61321971622508,32.05658811197221,5.590887325137704,37.29254649929218
2002-09-15,-44.00208240156674,31.468559616334392,4.920572873109155,36.874307519433515
2002-09-16,-43.938147695078555,31.415847834821676,5.6931753759593455,35.324385234115894
2002-09-17,-44.78821159610538,32.776936088128316,5.170564574928551,34.44497987684576
2002-09-18,-43.85074778400586,33.354539438944826,6.046449617813444,32.65727908534827
2002-09-19,-42.47748820679306,32.82604541473841,4.890050199657706,32.68737970642282
2002-09-20,-42.069166060470124,32.35425624049828,5.805079309420015,32.93549632705065
2002-09-21,-42.76183368091076,33.459372379432644,6.459445445501693,32.089449171608145
2002-09-22,-42.72050066590404,32.876096222225414,6.248566555727283,32.736530827641126
2002-09-23,-42.67357261928093,33.02527935199568,4.721543191747202,32.87577092830141
2002-09-24,-42.09430942400007,34.559403081387025,4.553010874879853,29.831092857945315
2002-09-25,-42.55310739820134,34.911623253606436,3.357607084876226,30.326052539829128
2002-09-26,-42.37061372482469,33.710992215298866,2.600337725395322,32.19940678610576
